1,2021-03-06 00:00:00,2021-03-06 00:00:00,6d7f3095-7f42-4446-ac17-f298cf566a09,defaultUser,10000,0,2021-03-06 00:00:00
2,2021-03-06 00:00:00,2021-03-06 00:00:00,e755d3dd-5e84-4b9d-9e23-bd31aff0d2b1,defaultUser,10000,0,2021-03-06 00:00:00
3,2021-03-06 00:00:00,2021-03-06 00:00:00,807be8f4-f548-4404-97bc-366d95b0c54d,defaultUser,10000,0,2021-03-06 00:00:00
4,2021-03-06 00:00:00,2021-03-06 00:00:00,287532ab-ec5e-42c6-b746-bd20f9364c07,defaultUser,10000,0,2021-03-06 00:00:00
5,2021-03-06 00:00:00,2021-03-06 00:00:00,f21af424-49ad-4314-9e6f-b697bae9a6a8,defaultUser,10000,0,2021-03-06 00:00:00
6,2021-03-06 00:00:00,2021-03-06 00:00:00,366b6900-d29a-40e6-9065-de2bf593e691,defaultUser,10000,0,2021-03-06 00:00:00
7,2021-03-06 00:00:00,2021-03-06 00:00:00,7d0da03c-29f0-4e6c-9ae5-5be1dbaf1150,defaultUser,10000,0,2021-03-06 00:00:00
8,2021-03-06 00:00:00,2021-03-06 00:00:00,c1ac4cc5-adef-4f35-94bd-c6351039a8ac,defaultUser,10000,0,2021-03-06 00:00:00
9,2021-03-06 00:00:00,2021-03-06 00:00:00,e0d906a3-3241-44fd-9b85-bf86063b3768,defaultUser,10000,0,2021-03-06 00:00:00
10,2021-03-06 00:00:00,2021-03-06 00:00:00,dc4270a4-bc6e-419d-aea9-5351996afc56,defaultUser,10000,0,2021-03-06 00:00:00
11,2021-03-06 00:00:00,2021-03-06 00:00:00,5e645479-f9e7-4a64-bfd6-1328779ad4e0,defaultUser,10000,0,2021-03-06 00:00:00
12,2021-03-06 00:00:00,2021-03-06 00:00:00,e6ce321e-0199-4e5c-b6c4-6f4bdc66893e,defaultUser,10000,0,2021-03-06 00:00:00
13,2021-03-06 00:00:00,2021-03-06 00:00:00,9cafae63-795f-43ea-9d87-bdec9516ca8e,defaultUser,10000,0,2021-03-06 00:00:00
14,2021-03-06 00:00:00,2021-03-06 00:00:00,d7a6f08c-4bca-47f0-8383-a7309ca37db2,defaultUser,10000,0,2021-03-06 00:00:00
15,2021-03-06 00:00:00,2021-03-06 00:00:00,403196d7-7c5b-43cd-88ba-115a691f7114,defaultUser,10000,0,2021-03-06 00:00:00
16,2021-03-06 00:00:00,2021-03-06 00:00:00,ad6378f7-cbed-416a-b321-5def174ff0a9,defaultUser,10000,0,2021-03-06 00:00:00
17,2021-03-06 00:00:00,2021-03-06 00:00:00,fa1e60ef-ce2e-4b8d-8a61-216fac1eb5b9,defaultUser,10000,0,2021-03-06 00:00:00
18,2021-03-06 00:00:00,2021-03-06 00:00:00,13185ba5-6741-4c23-970e-6d03b5ec36d6,defaultUser,10000,0,2021-03-06 00:00:00
19,2021-03-06 00:00:00,2021-03-06 00:00:00,caa6e155-0144-42d5-af91-bd7a52ce8040,defaultUser,10000,0,2021-03-06 00:00:00
20,2021-03-06 00:00:00,2021-03-06 00:00:00,3abdbccf-67a4-4235-a016-76fd3dfb58ec,defaultUser,10000,0,2021-03-06 00:00:00
21,2021-03-06 00:00:00,2021-03-06 00:00:00,1316f480-eb77-45e8-92fe-b4e00f58f44f,defaultUser,10000,0,2021-03-06 00:00:00
22,2021-03-06 00:00:00,2021-03-06 00:00:00,4893982b-fb1a-4266-8dcd-93385bd78cfe,defaultUser,10000,0,2021-03-06 00:00:00
23,2021-03-06 00:00:00,2021-03-06 00:00:00,92b6c487-d493-43de-acae-094a57f208c9,defaultUser,10000,0,2021-03-06 00:00:00
24,2021-03-06 00:00:00,2021-03-06 00:00:00,0669ee9b-fdac-4ef9-8f7e-92b6a495302e,defaultUser,10000,0,2021-03-06 00:00:00
25,2021-03-06 00:00:00,2021-03-06 00:00:00,c269a260-95ea-4342-bb25-bc308ba62358,defaultUser,10000,0,2021-03-06 00:00:00
26,2021-03-06 00:00:00,2021-03-06 00:00:00,1cbe6045-c7aa-4662-9815-b1316f6406b8,defaultUser,10000,0,2021-03-06 00:00:00
27,2021-03-06 00:00:00,2021-03-06 00:00:00,55fe63e6-f9b8-4b63-91a2-55a761e0d023,defaultUser,10000,0,2021-03-06 00:00:00
28,2021-03-06 00:00:00,2021-03-06 00:00:00,774109d2-5115-483b-8411-c0df132d7e53,defaultUser,10000,0,2021-03-06 00:00:00
29,2021-03-06 00:00:00,2021-03-06 00:00:00,d3095f91-0b00-461b-aa74-75c01f5a9627,defaultUser,10000,0,2021-03-06 00:00:00
30,2021-03-06 00:00:00,2021-03-06 00:00:00,b04ccb7d-ccc7-4ff8-9981-b821a7f76899,defaultUser,10000,0,2021-03-06 00:00:00
31,2021-03-06 00:00:00,2021-03-06 00:00:00,32934219-264a-430e-bd7d-dc5fb99554c4,defaultUser,10000,0,2021-03-06 00:00:00
32,2021-03-06 00:00:00,2021-03-06 00:00:00,e5f1ddf0-ffa0-460c-8ecc-d526097fcef8,defaultUser,10000,0,2021-03-06 00:00:00
33,2021-03-06 00:00:00,2021-03-06 00:00:00,460ccdde-60af-4a02-abe9-340da80c6e37,defaultUser,10000,0,2021-03-06 00:00:00
34,2021-03-06 00:00:00,2021-03-06 00:00:00,d8d711af-69d4-4c8f-b105-6c718276df2d,defaultUser,10000,0,2021-03-06 00:00:00
35,2021-03-06 00:00:00,2021-03-06 00:00:00,554c9262-96c2-4184-921a-7c283422aa65,defaultUser,10000,0,2021-03-06 00:00:00
36,2021-03-06 00:00:00,2021-03-06 00:00:00,9dd72da7-67f7-4717-981a-ab6abf11c7c4,defaultUser,10000,0,2021-03-06 00:00:00
37,2021-03-06 00:00:00,2021-03-06 00:00:00,f7b66437-1ba8-4b41-ab1d-4162c4aa5dce,defaultUser,10000,0,2021-03-06 00:00:00
38,2021-03-06 00:00:00,2021-03-06 00:00:00,5cb07c6a-a3a5-4afb-bcef-7f047245f34f,defaultUser,10000,0,2021-03-06 00:00:00
39,2021-03-06 00:00:00,2021-03-06 00:00:00,4f2d2444-29e3-4908-93e0-e39ddbd89011,defaultUser,10000,0,2021-03-06 00:00:00
40,2021-03-06 00:00:00,2021-03-06 00:00:00,fc3128f3-7fbc-4145-9657-5d920945d0c0,defaultUser,10000,0,2021-03-06 00:00:00
41,2021-03-06 00:00:00,2021-03-06 00:00:00,8612bc9a-b6fb-4079-930c-a739a4a8c2ad,defaultUser,10000,0,2021-03-06 00:00:00
42,2021-03-06 00:00:00,2021-03-06 00:00:00,0823827f-bb7c-4399-aff1-84365d2c3160,defaultUser,10000,0,2021-03-06 00:00:00
43,2021-03-06 00:00:00,2021-03-06 00:00:00,55678f39-b11c-44b8-a00e-0a217adbc055,defaultUser,10000,0,2021-03-06 00:00:00
44,2021-03-06 00:00:00,2021-03-06 00:00:00,1bdc6220-8829-41a1-92c1-9bd4de735f9a,defaultUser,10000,0,2021-03-06 00:00:00
45,2021-03-06 00:00:00,2021-03-06 00:00:00,a2caa407-973c-44c7-a5b4-96b24cfae5c0,defaultUser,10000,0,2021-03-06 00:00:00
46,2021-03-06 00:00:00,2021-03-06 00:00:00,1323dc95-bf9f-4b7a-9265-65b878e3489d,defaultUser,10000,0,2021-03-06 00:00:00
47,2021-03-06 00:00:00,2021-03-06 00:00:00,2293e54b-de0c-4779-a087-41c66dbae3b8,defaultUser,10000,0,2021-03-06 00:00:00
48,2021-03-06 00:00:00,2021-03-06 00:00:00,e8d16a2c-b70f-459a-83a9-00da591bcf8e,defaultUser,10000,0,2021-03-06 00:00:00
49,2021-03-06 00:00:00,2021-03-06 00:00:00,d95e3713-10c4-4a13-80bb-5e3d2b33ca63,defaultUser,10000,0,2021-03-06 00:00:00
50,2021-03-06 00:00:00,2021-03-06 00:00:00,988a1f80-8ca2-4548-8362-9c3ad75cfeff,defaultUser,10000,0,2021-03-06 00:00:00
51,2021-03-06 00:00:00,2021-03-06 00:00:00,59953646-9665-4485-9b5d-50b10cc9681a,defaultUser,10000,0,2021-03-06 00:00:00
52,2021-03-06 00:00:00,2021-03-06 00:00:00,e2ffd402-4022-420e-b8b2-194f8129a42b,defaultUser,10000,0,2021-03-06 00:00:00
53,2021-03-06 00:00:00,2021-03-06 00:00:00,15477ecc-85f4-4b33-a0a5-c9874fafb972,defaultUser,10000,0,2021-03-06 00:00:00
54,2021-03-06 00:00:00,2021-03-06 00:00:00,96925117-2974-423d-bff6-436fcfa6222c,defaultUser,10000,0,2021-03-06 00:00:00
55,2021-03-06 00:00:00,2021-03-06 00:00:00,b19ccdd3-56d2-4d24-a88d-addc6bfef599,defaultUser,10000,0,2021-03-06 00:00:00
56,2021-03-06 00:00:00,2021-03-06 00:00:00,02a7d7fd-7390-440d-b68b-c412e11ab84c,defaultUser,10000,0,2021-03-06 00:00:00
57,2021-03-06 00:00:00,2021-03-06 00:00:00,02dca88e-fa6b-48a8-bac9-a75fffaa7156,defaultUser,10000,0,2021-03-06 00:00:00
58,2021-03-06 00:00:00,2021-03-06 00:00:00,84305ae3-daa8-42a0-8b80-95f9f7e05f43,defaultUser,10000,0,2021-03-06 00:00:00
59,2021-03-06 00:00:00,2021-03-06 00:00:00,acb7793e-4024-4781-885a-b9ebb763c66c,defaultUser,10000,0,2021-03-06 00:00:00
60,2021-03-06 00:00:00,2021-03-06 00:00:00,99157d41-45b7-4ea3-981e-6db36f0fdb0f,defaultUser,10000,0,2021-03-06 00:00:00
61,2021-03-06 00:00:00,2021-03-06 00:00:00,95267267-e338-4ba2-905a-45145c7593d4,defaultUser,10000,0,2021-03-06 00:00:00
62,2021-03-06 00:00:00,2021-03-06 00:00:00,dc7f10a9-3bd6-4308-8049-8bd5f6152542,defaultUser,10000,0,2021-03-06 00:00:00
63,2021-03-06 00:00:00,2021-03-06 00:00:00,a74c933e-b412-4e19-a7d2-7f8e3858aefa,defaultUser,10000,0,2021-03-06 00:00:00
64,2021-03-06 00:00:00,2021-03-06 00:00:00,59fc2f47-a40f-4130-a3fc-1cea7c9f40c3,defaultUser,10000,0,2021-03-06 00:00:00
65,2021-03-06 00:00:00,2021-03-06 00:00:00,ff3983b3-d35d-4beb-9d5c-82925e45045a,defaultUser,10000,0,2021-03-06 00:00:00
66,2021-03-06 00:00:00,2021-03-06 00:00:00,c66b70e2-a435-4506-a759-51f0e01ca4cb,defaultUser,10000,0,2021-03-06 00:00:00
67,2021-03-06 00:00:00,2021-03-06 00:00:00,a7efda32-a97a-4123-aa4f-484b5be75a1c,defaultUser,10000,0,2021-03-06 00:00:00
68,2021-03-06 00:00:00,2021-03-06 00:00:00,63a944f5-7e2c-496d-9983-c1e8d7d60739,defaultUser,10000,0,2021-03-06 00:00:00
69,2021-03-06 00:00:00,2021-03-06 00:00:00,74043d6f-bf78-4eae-9cb4-57896acf30c2,defaultUser,10000,0,2021-03-06 00:00:00
70,2021-03-06 00:00:00,2021-03-06 00:00:00,ef890d07-1ea6-4938-b3bb-eeed5607cec4,defaultUser,10000,0,2021-03-06 00:00:00
71,2021-03-06 00:00:00,2021-03-06 00:00:00,2e7d8a67-44e9-4cba-aa19-bf0dafa91d6b,defaultUser,10000,0,2021-03-06 00:00:00
72,2021-03-06 00:00:00,2021-03-06 00:00:00,36460584-04b6-41dc-b1a7-a5bb6d146d0d,defaultUser,10000,0,2021-03-06 00:00:00
73,2021-03-06 00:00:00,2021-03-06 00:00:00,b2c6a742-9898-411f-8ad4-2192873e070b,defaultUser,10000,0,2021-03-06 00:00:00
74,2021-03-06 00:00:00,2021-03-06 00:00:00,f4078a67-0ba3-463a-be9d-b2c28dfc1ebf,defaultUser,10000,0,2021-03-06 00:00:00
75,2021-03-06 00:00:00,2021-03-06 00:00:00,59aebe6b-e38b-4f4c-b5f2-2be3699d0ae6,defaultUser,10000,0,2021-03-06 00:00:00
76,2021-03-06 00:00:00,2021-03-06 00:00:00,fd7174d9-df1d-4fcb-b522-720113c5f305,defaultUser,10000,0,2021-03-06 00:00:00
77,2021-03-06 00:00:00,2021-03-06 00:00:00,6006e2ba-8692-4bf4-901d-44ffb9b4139e,defaultUser,10000,0,2021-03-06 00:00:00
78,2021-03-06 00:00:00,2021-03-06 00:00:00,22c8edb7-698b-4992-9ca6-d054114a8ee6,defaultUser,10000,0,2021-03-06 00:00:00
79,2021-03-06 00:00:00,2021-03-06 00:00:00,1c70ccdd-aae3-45c9-a198-51cc4dd3b67b,defaultUser,10000,0,2021-03-06 00:00:00
80,2021-03-06 00:00:00,2021-03-06 00:00:00,736d0f7a-4327-4003-8396-d9df91e9791d,defaultUser,10000,0,2021-03-06 00:00:00
81,2021-03-06 00:00:00,2021-03-06 00:00:00,882c78c1-ed0b-43db-9aca-c70091213226,defaultUser,10000,0,2021-03-06 00:00:00
82,2021-03-06 00:00:00,2021-03-06 00:00:00,dbbdba6d-6664-487b-9067-d9fcb2e5a3e5,defaultUser,10000,0,2021-03-06 00:00:00
83,2021-03-06 00:00:00,2021-03-06 00:00:00,17bd3413-9de9-4ea4-9867-adc9849abed8,defaultUser,10000,0,2021-03-06 00:00:00
84,2021-03-06 00:00:00,2021-03-06 00:00:00,3b320d27-d9ee-4a47-8b4c-da2f33c2eac0,defaultUser,10000,0,2021-03-06 00:00:00
85,2021-03-06 00:00:00,2021-03-06 00:00:00,12df4fed-419b-4565-ab71-41891438e1d1,defaultUser,10000,0,2021-03-06 00:00:00
86,2021-03-06 00:00:00,2021-03-06 00:00:00,e325c889-a040-4fbb-be15-0ccd477c0203,defaultUser,10000,0,2021-03-06 00:00:00
87,2021-03-06 00:00:00,2021-03-06 00:00:00,9600d2f3-7e1e-4181-9a0c-dd6a597fbebd,defaultUser,10000,0,2021-03-06 00:00:00
88,2021-03-06 00:00:00,2021-03-06 00:00:00,c3e05429-7aff-4f38-8b00-c2623caad267,defaultUser,10000,0,2021-03-06 00:00:00
89,2021-03-06 00:00:00,2021-03-06 00:00:00,884677cc-e9c3-44b9-a569-fdf0e14098c5,defaultUser,10000,0,2021-03-06 00:00:00
90,2021-03-06 00:00:00,2021-03-06 00:00:00,610c3146-ed32-4ac8-a9e7-b7848fc14673,defaultUser,10000,0,2021-03-06 00:00:00
91,2021-03-06 00:00:00,2021-03-06 00:00:00,6d11a728-b68c-4da3-a250-861b2635c08b,defaultUser,10000,0,2021-03-06 00:00:00
92,2021-03-06 00:00:00,2021-03-06 00:00:00,064b480d-49e9-4706-a460-07035455d0c8,defaultUser,10000,0,2021-03-06 00:00:00
93,2021-03-06 00:00:00,2021-03-06 00:00:00,fdbc2757-aecd-4494-b844-db12927261c6,defaultUser,10000,0,2021-03-06 00:00:00
94,2021-03-06 00:00:00,2021-03-06 00:00:00,5efa40f0-c946-48ec-b9c1-e77f3c0232e2,defaultUser,10000,0,2021-03-06 00:00:00
95,2021-03-06 00:00:00,2021-03-06 00:00:00,b103a7b6-3a1c-4cf9-ab3e-c26d0e9fb197,defaultUser,10000,0,2021-03-06 00:00:00
96,2021-03-06 00:00:00,2021-03-06 00:00:00,dd27e4fb-a841-4dee-b987-d274f5df4c0c,defaultUser,10000,0,2021-03-06 00:00:00
97,2021-03-06 00:00:00,2021-03-06 00:00:00,0d839380-89dc-4d53-9d76-c0d4e3242736,defaultUser,10000,0,2021-03-06 00:00:00
98,2021-03-06 00:00:00,2021-03-06 00:00:00,8f34a2ac-f329-4a56-9ba8-59724b8f70ce,defaultUser,10000,0,2021-03-06 00:00:00
99,2021-03-06 00:00:00,2021-03-06 00:00:00,14ddd13c-c591-4fc8-ac10-063f4babf0de,defaultUser,10000,0,2021-03-06 00:00:00
100,2021-03-06 00:00:00,2021-03-06 00:00:00,a3bc6f8b-384d-4577-904c-69f456c2ee16,defaultUser,10000,0,2021-03-06 00:00:00
101,2021-03-06 00:00:00,2021-03-06 00:00:00,b72fd1c9-15f4-4cbc-9183-dbec575429b0,defaultUser,10000,0,2021-03-06 00:00:00
102,2021-03-06 00:00:00,2021-03-06 00:00:00,02b66c39-5e36-4a48-8f3f-3965d17e6bdc,defaultUser,10000,0,2021-03-06 00:00:00
103,2021-03-06 00:00:00,2021-03-06 00:00:00,da81a059-a022-47b0-aae7-f9228eb53411,defaultUser,10000,0,2021-03-06 00:00:00
104,2021-03-06 00:00:00,2021-03-06 00:00:00,5064580c-3af1-474c-90e3-ae41f60fd761,defaultUser,10000,0,2021-03-06 00:00:00
105,2021-03-06 00:00:00,2021-03-06 00:00:00,9cd96989-87a9-4694-81bb-8f1743e3fcfd,defaultUser,10000,0,2021-03-06 00:00:00
106,2021-03-06 00:00:00,2021-03-06 00:00:00,ea6cb11b-65e5-4ccb-9c62-78383f0b5543,defaultUser,10000,0,2021-03-06 00:00:00
107,2021-03-06 00:00:00,2021-03-06 00:00:00,58967681-9ad9-4d7c-bc41-796fde978b03,defaultUser,10000,0,2021-03-06 00:00:00
108,2021-03-06 00:00:00,2021-03-06 00:00:00,5b1bbab9-eda2-45e1-bed7-bd5fd008a561,defaultUser,10000,0,2021-03-06 00:00:00
109,2021-03-06 00:00:00,2021-03-06 00:00:00,ca27fe95-99d8-4c2f-8f83-0eee7f5db7ca,defaultUser,10000,0,2021-03-06 00:00:00
110,2021-03-06 00:00:00,2021-03-06 00:00:00,499fa47d-959c-483e-b912-ee95b6c9980f,defaultUser,10000,0,2021-03-06 00:00:00
111,2021-03-06 00:00:00,2021-03-06 00:00:00,1d97b557-2b1c-4c06-b35b-681662fce1b5,defaultUser,10000,0,2021-03-06 00:00:00
112,2021-03-06 00:00:00,2021-03-06 00:00:00,68aaca02-bd75-4c46-9e0c-8400ce949c38,defaultUser,10000,0,2021-03-06 00:00:00
113,2021-03-06 00:00:00,2021-03-06 00:00:00,b71e7965-bcf0-40f9-877d-6c4f34a33031,defaultUser,10000,0,2021-03-06 00:00:00
114,2021-03-06 00:00:00,2021-03-06 00:00:00,5b30cc9d-99c0-4be0-9020-2f161393f619,defaultUser,10000,0,2021-03-06 00:00:00
115,2021-03-06 00:00:00,2021-03-06 00:00:00,d6665764-781e-495f-8be7-9db7617e0d9c,defaultUser,10000,0,2021-03-06 00:00:00
116,2021-03-06 00:00:00,2021-03-06 00:00:00,40f15920-9ae5-4b59-ae25-899e1ff81799,defaultUser,10000,0,2021-03-06 00:00:00
117,2021-03-06 00:00:00,2021-03-06 00:00:00,546d9480-0b02-4a70-ae5f-466c6cf7e869,defaultUser,10000,0,2021-03-06 00:00:00
118,2021-03-06 00:00:00,2021-03-06 00:00:00,0b84fa6e-3622-4cbf-9def-63bc62648c14,defaultUser,10000,0,2021-03-06 00:00:00
119,2021-03-06 00:00:00,2021-03-06 00:00:00,cad41e5e-9c9c-4783-8a4d-3bc54b5430f3,defaultUser,10000,0,2021-03-06 00:00:00
120,2021-03-06 00:00:00,2021-03-06 00:00:00,47eb2aea-c83f-48a8-a682-bef5eaf4bc2c,defaultUser,10000,0,2021-03-06 00:00:00
121,2021-03-06 00:00:00,2021-03-06 00:00:00,32385925-d511-45bf-9e39-9cef64af0881,defaultUser,10000,0,2021-03-06 00:00:00
122,2021-03-06 00:00:00,2021-03-06 00:00:00,70ca1587-de32-4a5f-9d2d-1fbc0eff7e4a,defaultUser,10000,0,2021-03-06 00:00:00
123,2021-03-06 00:00:00,2021-03-06 00:00:00,43dd49ca-996c-4a72-ab24-e6743f501941,defaultUser,10000,0,2021-03-06 00:00:00
124,2021-03-06 00:00:00,2021-03-06 00:00:00,2851ec8f-3873-4355-a93c-c3490723f129,defaultUser,10000,0,2021-03-06 00:00:00
125,2021-03-06 00:00:00,2021-03-06 00:00:00,f061f46d-1af8-47fc-b3b6-9fde014b0590,defaultUser,10000,0,2021-03-06 00:00:00
126,2021-03-06 00:00:00,2021-03-06 00:00:00,51fb2ff6-cb72-4fd4-aab8-46336d2f042b,defaultUser,10000,0,2021-03-06 00:00:00
127,2021-03-06 00:00:00,2021-03-06 00:00:00,f1f60c66-ab0c-4636-a2c5-878ee758bedf,defaultUser,10000,0,2021-03-06 00:00:00
128,2021-03-06 00:00:00,2021-03-06 00:00:00,95791ab3-fa63-4f51-962a-5fa3b7ea7887,defaultUser,10000,0,2021-03-06 00:00:00
129,2021-03-06 00:00:00,2021-03-06 00:00:00,430aca1c-ad5b-41f8-9399-5ff929f45dcd,defaultUser,10000,0,2021-03-06 00:00:00
130,2021-03-06 00:00:00,2021-03-06 00:00:00,ea5edbff-ee54-413a-a38c-681d9122dc94,defaultUser,10000,0,2021-03-06 00:00:00
131,2021-03-06 00:00:00,2021-03-06 00:00:00,ff8062b4-1d39-464e-a9a8-e02ad3f0510c,defaultUser,10000,0,2021-03-06 00:00:00
132,2021-03-06 00:00:00,2021-03-06 00:00:00,5b6f4b4b-f74f-46f0-aa18-b1381e274bd8,defaultUser,10000,0,2021-03-06 00:00:00
133,2021-03-06 00:00:00,2021-03-06 00:00:00,11f62a27-9eda-459a-80b3-732f73116fae,defaultUser,10000,0,2021-03-06 00:00:00
134,2021-03-06 00:00:00,2021-03-06 00:00:00,62a2f2a5-50e2-4c20-8f93-f749da9df5b2,defaultUser,10000,0,2021-03-06 00:00:00
135,2021-03-06 00:00:00,2021-03-06 00:00:00,f2006a96-bf01-4a1d-8e16-aefab5c7338f,defaultUser,10000,0,2021-03-06 00:00:00
136,2021-03-06 00:00:00,2021-03-06 00:00:00,beb68dcf-b99e-451e-9504-278bf3da5334,defaultUser,10000,0,2021-03-06 00:00:00
137,2021-03-06 00:00:00,2021-03-06 00:00:00,97687b2b-4cb3-47c6-9ca2-48ccec9cba94,defaultUser,10000,0,2021-03-06 00:00:00
138,2021-03-06 00:00:00,2021-03-06 00:00:00,4c33418e-6506-4bed-b974-0a68c8578ccd,defaultUser,10000,0,2021-03-06 00:00:00
139,2021-03-06 00:00:00,2021-03-06 00:00:00,1a9afa81-7469-4700-8dc3-9a05dbf558fe,defaultUser,10000,0,2021-03-06 00:00:00
140,2021-03-06 00:00:00,2021-03-06 00:00:00,38011038-aaa3-48b0-8ca3-a1cbb5b559c2,defaultUser,10000,0,2021-03-06 00:00:00
141,2021-03-06 00:00:00,2021-03-06 00:00:00,e04dabbe-02a4-4063-aae7-a6f3a4c6c74b,defaultUser,10000,0,2021-03-06 00:00:00
142,2021-03-06 00:00:00,2021-03-06 00:00:00,fdd668ca-c8f8-4a9c-ab26-8540ce6af6d8,defaultUser,10000,0,2021-03-06 00:00:00
143,2021-03-06 00:00:00,2021-03-06 00:00:00,1fde698f-5953-4a96-88e1-a937dfd8e6f8,defaultUser,10000,0,2021-03-06 00:00:00
144,2021-03-06 00:00:00,2021-03-06 00:00:00,2fb02f39-af3e-4740-8801-3022c9e0820a,defaultUser,10000,0,2021-03-06 00:00:00
145,2021-03-06 00:00:00,2021-03-06 00:00:00,4c6c1bf3-5160-45bc-92b3-f61fe07f9f7d,defaultUser,10000,0,2021-03-06 00:00:00
146,2021-03-06 00:00:00,2021-03-06 00:00:00,b32d4edf-e089-42bc-a66f-cd25429d1da4,defaultUser,10000,0,2021-03-06 00:00:00
147,2021-03-06 00:00:00,2021-03-06 00:00:00,6ec7d331-5277-4c21-a75c-6a987afa1465,defaultUser,10000,0,2021-03-06 00:00:00
148,2021-03-06 00:00:00,2021-03-06 00:00:00,56496959-26f3-4131-a7f1-2b4a93b61bd8,defaultUser,10000,0,2021-03-06 00:00:00
149,2021-03-06 00:00:00,2021-03-06 00:00:00,5be34b4b-c8d9-423f-940f-a168faf18916,defaultUser,10000,0,2021-03-06 00:00:00
150,2021-03-06 00:00:00,2021-03-06 00:00:00,c7e88014-f4ef-4be6-ac78-9ba036de83c2,defaultUser,10000,0,2021-03-06 00:00:00
151,2021-03-06 00:00:00,2021-03-06 00:00:00,5fcc2ff4-0677-4275-8dea-eec13b454ba6,defaultUser,10000,0,2021-03-06 00:00:00
152,2021-03-06 00:00:00,2021-03-06 00:00:00,c80fed1a-3d92-48a6-8303-294f29c252c6,defaultUser,10000,0,2021-03-06 00:00:00
153,2021-03-06 00:00:00,2021-03-06 00:00:00,e8d333a2-3e7d-45dc-b1b6-ad3c076c49ad,defaultUser,10000,0,2021-03-06 00:00:00
154,2021-03-06 00:00:00,2021-03-06 00:00:00,71ac3d8a-275f-4d0c-a692-461769c3eaaa,defaultUser,10000,0,2021-03-06 00:00:00
155,2021-03-06 00:00:00,2021-03-06 00:00:00,a1cc1ed4-0b17-479c-b4f1-9dfdf63b1b90,defaultUser,10000,0,2021-03-06 00:00:00
156,2021-03-06 00:00:00,2021-03-06 00:00:00,6a989335-03ca-409a-9a3b-7f31a7dd229b,defaultUser,10000,0,2021-03-06 00:00:00
157,2021-03-06 00:00:00,2021-03-06 00:00:00,018b6be8-c163-49d6-a543-0be18c40dac8,defaultUser,10000,0,2021-03-06 00:00:00
158,2021-03-06 00:00:00,2021-03-06 00:00:00,a17b7abc-22eb-4e2d-8809-97d9d857e943,defaultUser,10000,0,2021-03-06 00:00:00
159,2021-03-06 00:00:00,2021-03-06 00:00:00,69e9dc62-3045-4621-ae23-cbc09a2161c6,defaultUser,10000,0,2021-03-06 00:00:00
160,2021-03-06 00:00:00,2021-03-06 00:00:00,79e8a252-f44e-4f9d-bf80-0dd18e829ca4,defaultUser,10000,0,2021-03-06 00:00:00
161,2021-03-06 00:00:00,2021-03-06 00:00:00,92077126-e923-40dc-bee8-b713b23c9d51,defaultUser,10000,0,2021-03-06 00:00:00
162,2021-03-06 00:00:00,2021-03-06 00:00:00,80fb449f-9e2b-460c-bb1d-f3ba09dff4fa,defaultUser,10000,0,2021-03-06 00:00:00
163,2021-03-06 00:00:00,2021-03-06 00:00:00,f0574216-78b2-4de9-a46e-7b35cbfbd203,defaultUser,10000,0,2021-03-06 00:00:00
164,2021-03-06 00:00:00,2021-03-06 00:00:00,32b1baaf-fdcc-4135-a0f6-923ab30b409c,defaultUser,10000,0,2021-03-06 00:00:00
165,2021-03-06 00:00:00,2021-03-06 00:00:00,d6110194-bee0-4e68-ba22-b206d2725504,defaultUser,10000,0,2021-03-06 00:00:00
166,2021-03-06 00:00:00,2021-03-06 00:00:00,5a74afc9-8abf-48b8-8e64-32a50eceee36,defaultUser,10000,0,2021-03-06 00:00:00